B00031	TGCATAGCCTGTGGA	CD68
B00032	AGGCGTGCACGTGGT	CD68
B00033	TTACTACGTAATACC	TFIIH
B00036	GTCACACTTAAGACA	EGFP
B00038	CTTGCGAGTAGGATT	FCER1A
B00039	AGCTTCACGGAATCC	SELL
B00040	CGCTGCGGCGAGTTG	SELL
B00041	ACCTTCTGTTCTGCC	CD200
B00042	CGGTTAGCGCGGTTC	CD200
B00043	TCTATTGGATAGGAT	CD7
B00044	CGGACCGCCTGACAA	CD86
B00045	CTGGCGACAACGCGA	CD86
B00046	TGTCAGCGACTGCGA	SEMA4D
B00047	GACGGCACCAAGTTC	SEMA4D
B00048	CCTAGTTACCGAGCA	SEMA4D
B00049	TAGAGCCGACTGCAG	HER2
B00050	TCCTACCGCGAGCCG	HER2
B00051	GCAAGCAATGCACGC	HER2
B00052	GAGCATAAGTGGTTA	ALFA
B00053	GTTAAGTCATACATA	ALFA
B00054	CTTCGCTCGTACAAG	SEMA4D
B00055	TTACATCGAGAATCA	CTLA4
B00056	CAGCTGATCTAATTC	IL1A
B00057	AGGTTATATGTCGAG	APOE
B00058	GCCTAACATGCTTCT	GM-CSF
B02007	TTAGTCATGATTGAG	ALFA