FB0001	GCATTGCGTC
FB0002	CGTCGCAATC
FB0003	CGTACATGTA
FB0004	GGACGAGTTC
FB0005	TTGTCACGGT
FB0006	GTTCAAGCTT
FB0007	ACCTTCTGTT
FB0008	TGTCAGCGAC
FB0009	TACCAACTGG
FB0010	CATAGCCAGG
FB0011	TATCCGATTC
FB0012	ACCAGTTACA
FB0013	ATAGCGGCTC
FB0014	ACCATAGACG
FB0015	GCGAATATCC
FB0016	AACTGTCGCC
FB0017	GTTATTCTGG
FB0018	CCGTGTATAA
FB0019	CGGCTACATC
FB0020	CTATCTACCG
FB0021	CGGTCTACTG
FB0022	AAGCAATGCG
FB0023	CATTGTGACT
FB0024	ATACCGCGGT
FB0025	GAGGTACACC
FB0026	GTTATTGTCC
FB0027	AACCGGTTGT
FB0028	GCAACTATTC
FB0029	AATTCAGGCG
FB0030	AGCACGACCT
FB0031	CACCTTATAC
FB0032	CGGATTGTAC
FB0033	TTGATGCTAG
FB0034	TCTTCTACCT
FB0035	GCAACTGGCA
FB0036	ATGCCGAATG
FB0037	TACAGGTACA
FB0038	CACTAGTGCT
FB0039	TCCGTCAGAC
FB0040	CTAGCGGAAT
FB0041	CGTAATTGTC
FB0042	CTGTGGCACA
FB0043	CCTACATTAG
FB0044	TAGGACATTC
FB0045	CTCTTACACC
FB0046	AGTGTACATG
FB0047	GACTGACAAG
FB0048	ACTTGCGCAG
FB0049	TGATGCGCTG
FB0050	ATTCCTCGGC
FB0051	TAACATTCGC
FB0052	ACACTTATGC
FB0053	TTGGTTCCAC
FB0054	GCGCTGATAA
FB0055	AGCGGTCTTA
FB0056	TACCTAGCAA
FB0057	GGCCAATAAT
FB0058	CACAGAATAG
FB0059	GAGCCAGACA
FB0060	CACGGCTAAT
FB0061	GAATCGACAG
FB0062	TTGTGTACTC
FB0063	CCATGATACC
FB0064	GACGGTATCG
FB0065	GAACGTTGAT
FB0066	TACACTGTAG
FB0067	GGAACACCGT
FB0068	TACTCGAGCT
FB0069	AGCCTGAAGA
FB0070	CTATGATCGA
FB0071	TAACTGGCGC
FB0072	TACGTACGCG
FB0073	GAATTGCAAG
FB0074	ATCCTAAGGC
FB0075	GTATAAGGTG
FB0076	ACTACCTACA
FB0077	GCTGAATGAA
FB0078	GCTGATTAGT
FB0079	GAACAATGCA
FB0080	CAACTTCTCG
FB0081	CTGCGTAATC
FB0082	CTCATGACGC
FB0083	GCTTAATGTG
FB0084	ACGTAGAGAG
FB0085	ACAAGTTGAG
FB0086	GACTAGGCAC
FB0087	AACGACGTCC
FB0088	TACAGTGCAC
FB0089	GCAGTACAAG
FB0090	ATGAAGACTC
FB0091	GAACGTACGA
FB0092	CTAACACCTT
FB0093	ACAATGCGAT
FB0094	CATAAGTCTG
FB0095	CGGTAGAACC
FB0096	GAGAGCCTAT
FB0097	TGGCAGTTGA
FB0098	GGCATTACTC
FB0099	CCGAGTCATA
FB0100	CAATTGACGA